id,ingredient
3830,ice water
4994,okra
6462,short-grain brown rice
1223,cherry tomato
1318,chili bean
966,canned artichoke heart
6558,smarties candy
5182,parmesan-romano cheese mix
6426,shallot
4689,mexican chocolate
7022,sweetened condensed milk
5086,orange syrup
2405,dry buttermilk
3806,hot red pepper sauce
7702,whipped cream
2912,fresh thyme sprig
6805,steak seasoning
4597,marshmallow creme
3463,green tomato
3276,glace cherry
4740,minced garlic clove
2537,english mustard powder
6641,sorghum
6909,sugar cookie dough
4610,mashed potato
5647,potassium chloride
6238,saffron
1481,chow mein noodle
7338,turmeric powder
7235,tomato soup
1439,chocolate shaving
15,7-up soda
2010,cumin seed
5831,ramen noodle
154,apple cider
5408,pineapple
2080,dark unsweetened cocoa
662,boboli pizza crust
5977,red pepper paste
1136,cellophane noodle
7768,white mushroom
3327,graham cracker pie crust
4533,mandarin orange
5375,pie crust
2725,french haricots vert
4380,lime cordial
1891,cranberry liqueur
5090,orange zest
6395,self-rising flmy
6712,spaghetti sauce mix
4595,marshmallow
3805,hot red pepper flake
3810,hot sauce
6378,seedless cucumber
7564,vegetable stock cube
5936,red cinnamon candy
4092,kool-aid
905,cajun seasoning
4403,"lime, juice of"
4430,liquid honey
7760,white grapefruit
6983,sweet paprika
2659,five cheese blend
4880,mustard
5656,potato flake
938,candied cherry
29,adobo seasoning
1039,cannellini bean
5382,piece
6016,refried bean
4053,ketchup
1480,chopped tomato
7592,veggie crumble
7761,white hominy
1995,crystal hot sauce
5317,peppadew pepper
811,brussels sprout
2145,diet soda
5889,raw rice
6545,small pretzel
4582,marinated artichoke heart
6077,rice pilaf
3895,instant oatmeal
3985,jello gelatin
2994,frozen corn kernel
2022,curry powder
5003,olive
3070,frozen puff pastry
1069,caramel ice cream topping
6697,soy yogurt
4378,lima bean
3828,ice cream topping
4549,mango nectar
3344,grand marnier
4305,lentil
1855,crab
6304,san marzano tomato
5481,pizza crust
6526,sliced almond
815,buckwheat flmy
3637,hass avocado
941,candied ginger
7243,tony chachere's seasoning
1043,canola oil
7292,tuna steak
6036,refrigerated pie crust
4473,long-grain rice
5033,onion soup mix
3350,granola cereal
3902,instant potato flake
5648,potato
5554,popped corn
3894,instant oat
6725,sparerib
2783,fresh coriander
1766,cooked white rice
3912,instant vanilla pudding mix
5381,pie shell
6933,sun-dried tomatoes packed in oil
4930,no-boil lasagna noodle
5598,pork ramen noodle
958,candy corn
862,buttered bread crumb
3881,instant espresso powder
4958,nut
4310,licor 43
1813,corn husk
2340,dried prune
2321,dried oregano leaf
5233,peach gelatin
4130,lamb shoulder
1484,chuck eye steak
7661,watermelon
2764,fresh breadcrumb
2796,fresh dill sprig
741,brewed espresso
786,brown mustard
1256,chicken breast tender
4145,large egg
1784,cooking onion
2435,dry oregano
433,beef bouillon granule
8021,zucchini
7230,tomato puree
6299,sambal oelek chili paste
305,bacos bacon bit
6714,spaghettini
2978,frozen cheese ravioli
3580,habanero sauce
5051,orange extract
609,black-eyed pea
2805,fresh fruit
2858,fresh parsley sprig
3525,ground mustard
3314,golden syrup
512,beet
5378,pie filling
1242,chicken and rice soup
1013,canned pumpkin
6605,snow pea
5348,pernod
6972,sweet green pepper
6183,rosemary
4631,mccormick thyme leaf
4387,lime oil
106,amaretto liqueur
3710,hoisin sauce
8019,ziti pastum
4558,manicottus
5315,penne rigate
4538,mandarin orange segment
3298,goat's cheese
5255,peaches in heavy syrup
7265,tri-color spiral pastum
5660,potato salad
5162,paper
6380,seedless grape
602,black tea leaf
3372,grapefruit zest
6243,sage
4653,medium egg noodle
816,buckwheat groat
2776,fresh chive
6201,round steak
983,canned corn
1124,celery
4881,mustard green
6715,spaghettus
2665,flaked coconut
6070,rice flmy
7195,toasted sliced almond
1139,center-cut bacon
6401,semolina flmy
6352,sea salt
7804,white wine worcestershire sauce
7618,vinaigrette
1347,chinese five spice powder
3824,ice
3339,grain cereal
693,bouillon cube
7921,wild mushroom
441,beef chuck roast
7754,white flmy
3304,golden brown sugar
1305,chicken tenderloin
6052,rhubarb
6984,sweet pea
6906,sugar
7891,whole wheat hoagie roll
2857,fresh parsley leaf
5627,pork tenderloin
4288,"lemon, rind of"
591,black peppercorn
4246,lemon gelatin
1819,corn oil
988,canned crushed pineapple
5252,peach vodka
103,amaretto
5622,pork sparerib
5877,raw cashew
3178,garam masala powder
1981,crunchy peanut butter
3103,frozen unsweetened mixed berry
3646,hazelnut
3111,frozen whole kernel corn
2461,dry white wine
2353,dried sage
7990,yellow sweet pepper
2901,fresh strawberry
2433,dry onion flake
6160,roma tomato
6891,strong coffee
1723,cooked ham
3827,ice cream sandwich
4302,"lemons, juice of"
6413,sesame oil
2007,cumin
5167,pappardelle pastum
2593,fettuccine pastum
524,berry
4230,leg of lamb
6030,refrigerated crescent roll
748,brine
1004,canned peach half
7135,teriyaki sauce
6510,sirloin steak
3792,hot paprika
7776,white peppercorn
7770,white onion
6206,rubbed sage
1128,celery leaf
4872,mushroom soup
69,allspice berry
3776,hot cocoa
3457,green taco sauce
25,acini di pepe pastum
3913,instant white chocolate pudding and pie filling mix
6248,sake
5158,panko breadcrumb
163,apple pie spice
2594,fetum
26,acorn squash
7156,thick & chunky salsa
2044,dark beer
2181,double cream
3891,instant minced onion
5168,paprika
5559,popsicle mold
1958,crescent roll
4883,mustard powder
3559,gruyere
1152,chambord raspberry liquor
2874,fresh raspberry
7587,vegetarian refried bean
4884,mustard seed
364,bar
1113,cauliflower floret
1254,chicken breast half
1280,chicken leg
2899,fresh spinach leaf
7233,tomato sauce
3100,frozen tater tot
2564,eye of round roast
2840,fresh linguine
7801,white wine
7559,vegetable shortening
624,blackening seasoning
7687,wheat flmy
6336,scallop
5662,potato starch
4223,lebanese cucumber
299,bacon bit
1553,clear honey
3257,ginger paste
2765,fresh broccoli
4219,lean stewing beef
2416,dry green lentil
537,bisquick
1133,celery seed
3668,heavy cream
3825,ice cream
3760,horseradish mustard
7986,yellow split pea
642,blue curacao
2047,dark chili powder
2170,distilled white vinegar
2182,double cream brie cheese
3557,grouper fillet
2861,fresh peach
5425,pineapple ring
394,bay leaf powder
6702,soybean
7705,whipping cream
1774,cookie crumb
7471,vanilla frosting
6258,salami
6467,shortbread cookies
5707,preserve
3666,hearts of palm
4609,mashed banana
2999,frozen creamed spinach
7447,urad dal
6193,rotini pastum
2627,fine semolina
4419,liquid
4625,mccormick broiled steak seasoning
5945,red enchilada sauce
5010,onion
5556,poppy seed
2427,dry milk solid
1275,chicken gravy mix
5136,oyster mushroom
6690,soy margarine
4393,lime sherbet
4699,mexicorn whole kernel corn
7494,vanilla vodka
4576,margarita mix
4938,non-dairy whipped topping
1818,corn niblet
6618,soft brown sugar
4298,lemongras
647,blueberries in light syrup
538,bisquick baking mix
672,boiling potato
2001,cucumber
125,anchovy fillet
3105,frozen unsweetened strawberry
1917,cream of chicken soup
2791,fresh cream
3532,ground pepper
3393,green
3418,green chily
7501,vanilla yogurt
2425,dry milk
2500,egg beaters egg substitute
2809,fresh ginger
7766,white minute rice
6535,small caper
2302,dried lime
1249,chicken bouillon granule
5571,pork butt
6407,serrano pepper
1014,canned pumpkin puree
2027,cut wax bean
7945,wooden stick
3109,frozen white bread dough
5244,peach puree
7432,unsweetened pineapple juice
4788,mixed nut
405,bean sprout
2946,frozen apple juice concentrate
675,bologna
2048,dark chocolate
4686,mexican cheese blend
6473,shortening
367,barbecue sauce
5295,peas and carrot
7100,tarragon leaf
6757,spinach dip
1412,chocolate graham cracker
5742,puff pastry sheet
508,beefy mushroom soup mix
1682,condensed mushroom soup
2512,egg yolk
6137,roasted sweet red pepper
6985,sweet pepper
5434,pineapple tidbit
3986,jello instant vanilla pudding mix
1648,coleslaw mix
1674,condensed cream of mushroom soup
4405,"lime, zest of"
4876,mushroom stock
1375,chocolate
6924,summer squash
5961,red lentil
5298,pecan
1119,cayenne pepper
5410,pineapple chunk
7390,unsmoked bacon
135,angostura bitter
5482,pizza crust mix
5485,pizza sauce
5911,red bean
6047,rennet
240,ature m&m baking bit
6531,sliced water chestnut
4372,light whipped topping
6136,roasted sweet pepper
2063,dark creme de cacao
440,beef chuck
5728,protein powder
7531,vegan chicken
3732,honey mustard
6084,rice wine vinegar
7200,toffee piece
3636,hash brown potato
4189,lean ground beef
832,bun
2763,fresh blueberry
6573,smoked ham
7006,sweet tart crust
3375,grapeseed oil
5159,papaya
4301,"lemons, juice and zest of"
1970,croissant
3521,ground meat
547,bittersweet chocolate
6116,roasted deli chicken
4807,molass
6234,s chocolate syrup
7059,taco sauce
3145,fruit spread
3490,ground cayenne pepper
1950,creme fraiche
3857,instant butterscotch pudding mix
3605,ham soup base
3500,ground coriander
1454,chocolate whey protein powder
1306,chicken thigh
5106,oregano
7495,vanilla wafer
3890,instant minced garlic
3039,frozen non-dairy whipped topping
1938,creamy peanut butter
7481,vanilla pod
4901,natural bran
1866,crabmeat
2728,french mustard
594,black rice
5792,quick oatmeal
3610,hamburger bun
3939,italian seasoned breadcrumb
5333,peppermint patty
4987,oil
1740,cooked pastum
7187,toasted almond
7537,vegan margarine
1870,cracked ice
7251,top round steak
436,beef brisket
1708,cooked chicken breast
6382,seedless raisin
3024,frozen leaf spinach
2117,desiccated coconut
6843,stove top stuffing mix
150,apple
7548,vegetable bouillon cube
4745,minestrone soup
5634,portabella mushroom
437,beef broth
6760,spinach leaf
469,beef roast
2127,diced green chily
444,beef consomme
1041,canning salt
6587,smoked salmon
5631,porridge oat
3190,garlic and herb marinade
6856,strawberry gelatin
2528,emmenthaler cheese
3122,fruit cocktail in heavy syrup
4985,of fresh mint
5049,orange drink mix
4688,mexican chili powder
384,basil leaf
2516,eggplant
3030,frozen limeade concentrate
5370,pickling spice
3497,ground cinnamon
7033,swiss cheese
7057,taco chip
2506,egg substitute
4663,medium-grain white rice
5419,pineapple in syrup
3865,instant chocolate pudding mix
1474,cholesterol-free egg substitute
4574,margarine
7124,tempeh
7554,vegetable juice
5495,plain flmy
830,bulgur wheat
1718,cooked elbow macaroni
3187,garlic and cheese crouton
1925,cream of tartar
3754,hormel chili without bean
2455,dry thyme leaf
5343,pepsi
0,'s baking chocolate
8018,ziploc bag
6921,sumac
7237,tomatoes and green chily
7872,whole wheat bread
4565,maple extract
2606,filbert
4890,nacho cheese soup
977,canned chicken breast meat
4773,mixed candied fruit
6254,salad oil
588,black olife
5930,red chili pepper
1465,chocolate-covered peanut
3325,graham cracker crumb crust
7819,whole chicken
5058,orange juice
746,brie cheese
5791,quick oat
6594,smoked turkey breast
1828,cornflmy
2505,egg roll wrap
1889,cranberry juice cocktail
170,applesauce
1680,condensed milk
3901,instant polentum
3084,frozen sliced strawberry
4293,lemon-pepper seasoning
7621,vinegar potato chip
2051,dark chocolate chip
4502,mace
5711,pretzel
7377,unsalted peanut
3394,green apple
5605,pork roast
3323,graham cracker
6168,root beer
212,asadero cheese
3424,green enchilada sauce
2636,fire-roasted tomato
3362,grape juice
2860,fresh pea
7839,whole grain mustard
925,calvado
2790,fresh cranberry
4973,oat flmy
2598,fiddlehead
5180,parmesan cheese
374,barley
5229,peach
3392,greek yogurt
4519,mahleb
3650,hazelnut liqueur
961,candy sprinkle
766,broccoli stem
7043,szechuan sauce
4333,light cream
1867,cracked black pepper
4762,minute white rice
4816,monterey jack pepper cheese
7779,white potato
4063,kielbasa
6733,spearmint
4114,lamb chop
4425,liquid egg substitute
7352,unbaked pie shell
1910,cream cheese
5456,pinto bean
6485,shredded whole wheat cereal
6416,sesame seed
445,beef consomme soup
6874,strawberry schnapp
7922,wild rice
6651,sour apple liqueur
7397,unsweetened baking chocolate
6271,salt & fresh ground pepper
3294,goat cheese
1802,corkscrew macaroni
846,butter cracker
4596,marshmallow cream
6862,strawberry jelly
5861,raspberry sherbet
7731,white chocolate chip
5257,peaches in light syrup
6804,steak sauce
7008,sweet unsalted butter
995,canned jalapeno pepper
1754,cooked shrimp
3791,hot mustard
7849,whole green chily
6696,soy sauce
5715,pretzel stick
1114,cauliflower head
2483,dungeness crabmeat
6225,rye cocktail bread
6398,seltzer water
1126,celery & top
7000,sweet rice
3840,imitation crabmeat
1789,cool whip
5855,raspberry liqueur
1778,cookies
4155,lasagna noodle
2195,dr. pepper cola
3864,instant chocolate fudge pudding mix
1373,chive blossom
7258,tortilla
5476,pitted date
4594,marsala wine
4197,lean ground turkey
368,barbecue seasoning
5224,pea
4479,louisiana hot sauce
2674,flat-leaf italian parsley
2794,fresh dill
1642,colby cheese
2518,elbow macaroni
3311,golden raisin
485,beef stock
147,annatto
3520,ground marjoram
2509,egg white
2970,frozen broccoli floret
6841,stout beer
112,american cheese
3205,garlic flake
6098,ritz cracker crumb
4642,meat stock
7799,white vinegar
2672,flat leaf parsley
1081,carbonated water
1214,cherry jell-o
2453,dry tapioca
1443,chocolate square
4996,old bay seasoning
806,brownie mix
3941,italian spice
3817,hpnotiq liqueur
1732,cooked long-grain rice
1130,celery rib
3020,frozen green pea
2811,fresh goat cheese
7359,unbleached white flmy
1166,chat masala
1506,cilantro leaf
5280,pear
564,black cherry
2813,fresh green bean
4464,london broil beef
3437,green olife
2694,fontina cheese
7582,vegetarian ground beef
5319,pepper
1591,coconut
22,accent seasoning
4002,jumbo black olife
5259,peanut
1780,cooking apple
7363,unflavored gelatin
1922,cream of potato soup
6164,romano bean
11,15 bean mix
1873,cracker
1432,chocolate piece
6477,shredded coconut
4276,lemon thyme leaf
616,blackberry liqueur
4286,"lemon, juice and zest of"
7853,whole milk
1837,cotija cheese
2574,fat
7659,watercres
506,beefsteak tomato
7879,whole wheat couscou
1292,chicken ramen noodle
4703,microwave popcorn
3073,frozen raspberry
483,beef stew meat
1394,chocolate chunk
4585,marjoram
4097,kosher salt & ground black pepper
2563,eye of round beef steak
6820,stewing beef
1806,corn chex
6775,split pea
1297,chicken stock
3367,grapefruit
3930,italian parsley
7196,toasted wheat germ
6283,salted butter
1333,chili without bean
4568,maple syrup
3136,fruit pectin
2854,fresh oregano
1985,crushed plum tomato
1396,chocolate cookie pie crust
6974,sweet hungarian paprika
3983,jellied cranberry sauce
6293,saltine
5188,parsley sprig
1793,cooper sharp cheese
5332,peppermint oreo
6270,salt
1427,chocolate milk
3859,instant cheesecake pudding mix
6229,rye flmy
6613,soda water
4777,mixed dried fruit
3781,hot dog bun
551,bittersweet dark chocolate
601,black tea bag
5820,ragu tomato sauce
3997,jiffy corn muffin mix
2111,deli turkey
5028,onion salt
2822,fresh italian parsley
5462,pistachio
5469,pita bread
5914,red beet
2251,dried cranberry
7474,vanilla ice cream
1603,coconut juice
6516,skim milk
335,baking soda
2404,dry breadcrumb
1596,coconut cream
3022,frozen hash brown potato
5954,red grapefruit
4058,key lime yogurt
7040,syrup
7211,tomatillo
996,canned jalapeno slice
4007,jumbo shrimp
4269,lemon sherbet
431,beef bouillon concentrate
6745,spicy brown mustard
2020,curry leaf
2499,egg
5107,oregano flake
6710,spaghetti noodle
1551,clarified butter
1314,chickpea flmy
171,apricot
7355,unbleached all-purpose flmy
6213,rum extract
5338,pepperoncini pepper
657,blueberry yogurt
2871,fresh pumpkin
1379,chocolate baking square
1414,chocolate graham wafer pie crust
416,beau monde spice
4905,navel orange
6083,rice wine
3280,glace pineapple
714,brazil nut
4755,mint leaf
6150,rocket
2514,eggnog
3957,jalapeno pepper
56,alfredo sauce
187,apricot-pineapple preserve
5667,poultry seasoning
5753,pumpkin
6680,southwest seasoning
6024,refrigerated buttermilk biscuit
77,almond extract
3972,jar
2339,dried porcini mushroom
7245,toothpick
1137,center cut pork chop
7194,toasted sesame seed
5773,purple onion
2793,fresh curly-leaf parsley
6067,rice chex
5550,ponzu sauce
6400,semolina
1717,cooked egg noodle
1673,condensed cream of mushroom & garlic soup
5418,pineapple in juice
332,baking powder
5974,red pepper
7557,vegetable oil
7346,umeboshi vinegar
1799,coriander seed
5076,orange slouse
6368,seasoned rice vinegar
4006,jumbo pasta shell
8012,yukon gold potato
7362,uncooked rice
2147,digestive biscuit
2283,dried italian seasoning
2206,dried apricot
28,adobo sauce
1060,capsicum
1770,cooked wild rice
7823,whole corn
5132,oxtail
891,buttery cracker
1830,cornish hen
2769,fresh carrot
1643,colby-monterey jack cheese
4321,light butter
3414,green chili pepper
1331,chili starter
1650,colored ature marshmallow
6889,strong black coffee
5112,oreo cookies
7856,whole mushroom
2217,dried beef
7560,vegetable soup
7339,turnip
3888,instant mashed potato
6648,soup mix
2464,dry wine
2608,filet mignon
710,brandy
4645,meatball
514,beet leaf
5328,peppermint extract
2151,dill
283,baby potato
1622,cod fish fillet
2646,fish
5018,onion flake
2777,fresh cilantro
7656,water chestnut
6388,seitan
6838,stone ground whole wheat flmy
3570,guinness stout
5303,pecan nut
1791,cool whip lite
2019,curry
6832,stock
5500,plain sweet biscuit crumb
6055,rib eye steak
7562,vegetable stock
3333,graham wafer
3038,frozen non-dairy topping
1636,cognac
2370,dried sweet basil leaf
1240,chicken
1536,citric acid
7977,yellow mustard
6790,squid
7147,thai fish sauce
2897,fresh spearmint
7616,vidalia onion
6802,steak
3406,green cardamom pod
5850,raspberry jam
49,albacore tuna in water
6768,spinach tortellini
2595,fiber one cereal
2847,fresh mushroom
2266,dried fruit
6528,sliced mushroom
6089,rigatoni pastum
6962,sweet butter
1084,cardamom powder
4384,lime juice
3399,green bell pepper
5503,plantain
1197,cheez whiz
1447,chocolate syrup
6787,squash
3215,garlic paste
233,ature chocolate chip
6110,roasted cashew
6215,rump roast
2456,dry vegetable soup mix
3929,italian herb seasoning
7992,yellow wax bean
4023,kalamata olive
5126,ovaltine
4970,oat bran
7404,unsweetened chocolate square
4821,montrealsteak seasoning
7719,white button mushroom
5761,pumpkin seed
1685,condensed tomato soup
3495,ground chuck
4684,mexican blend cheese
2910,fresh thyme leaf
4267,lemon rind
5775,purple potato
7594,velveeta cheese
4327,light chunk tuna in water
2494,edamame
1790,cool whip free
7865,whole turkey
4635,meat
245,ature peppermint patty
19,absolut kurant vodka
6737,spelt flmy
4871,mushroom piece
935,canadian bacon
7141,texas toast thick bread
998,canned milk
7637,wagon wheel macaroni
6260,salmon
7753,white fish fillet
3758,horseradish
2864,fresh pineapple
5893,raw sugar
2700,four cheese pasta sauce
3206,garlic granule
5524,poblano pepper
3598,ham bone
7012,sweet whole kernel corn
629,blanched almond
4401,lime zest
2275,dried herb
432,beef bouillon cube
7959,yellow bean
5952,red grape
4076,kirschwasser
2130,diced potato
1987,crushed tomato
7472,vanilla frozen yogurt
6241,saffron thread
3184,garlic
6669,sourdough bread
1647,coleslaw
6104,roast beef
3768,hot chili flake
927,camembert cheese
4834,mountain dew soda
446,beef cube
3934,italian plum tomato
4918,new potato
2959,frozen black-eyed pea
7427,unsweetened orange juice
2744,french vanilla pudding and pie filling mix
4527,malt vinegar
1702,cooked beef
3597,ham
7620,vinegar
262,baby back rib
6999,sweet relish
3829,ice cube
637,bloody mary mix
4886,naan bread
6489,shrimp boil seasoning
2292,dried leaf basil
216,asiago cheese
4260,lemon peel
976,canned chicken
3956,jalapeno juice
7213,tomato
7859,whole oat
4867,mushroom cap
4408,"limes, juice and zest of"
3365,grape tomato
6549,small shrimp
7956,yeast
4790,mixed peel
1608,coconut milk powder
1838,cottage cheese
93,alphabet pastum
3832,iced tea mix powder
4552,mango pulp
1198,cheez-it cracker
6179,rose water
4796,mixed sprout
2337,dried pitted prune
4308,lettuce
2445,dry red wine
4475,longhorn cheese
1854,couscou
1824,corn syrup
2476,dulce de leche
6273,salt & pepper
5813,radish sprout
5290,pearl barley
6829,stir fry vegetable
7502,vanillaing
5097,orange-infused vodka
5242,peach pie filling
3509,ground fenugreek
4757,mint sprig
6221,rutabaga
7713,white bean
5638,porterhouse steak
1455,chocolate whipped cream
4068,king prawn
5038,orange
648,blueberry
3670,heavy whipping cream
4860,muscat wine
5269,peanut butter cup
3398,green bean
5325,peppercorn blend
6085,ricotta cheese
2902,fresh sweet basil leaf
397,bean
7854,whole milk ricotta cheese
5574,pork chop
222,asparagus spear
62,all-purpose baking flmy
3965,jam
6919,sultana
6141,roasting bag
6971,sweet gherkin
132,angel hair pastum
3341,grainy mustard
434,beef bouillon paste
210,arugula
836,burgundy wine
3771,hot chili pepper
3517,ground lean pork
930,campanelle pastum
590,black pepper
4081,kiwi
3479,ground almond
2928,fried chinese noodle
7482,vanilla powder
3405,green cardamom
1049,caper
2330,dried pear
3445,green peppercorn
3657,head cauliflower
4330,light corn syrup
3578,habanero pepper
1307,chicken thigh fillet
2324,dried parsley
510,beer
6612,soda pop
131,angel food cake
4786,mixed italian herb
1928,cream sherry
1942,creme de cacao
1625,coffee
7201,tofu
1811,corn flake crumb
3639,havartus
6082,rice vinegar
739,brewed coffee
1083,cardamom pod
2343,dried red chili pepper
2576,fat cottage cheese
2258,dried dill weed
5111,oreo cookie pie crust
2009,cumin powder
5663,potato stick
6272,salt & ground black pepper
1418,chocolate instant pudding
3753,hormel chili
7850,whole kernel corn
4715,mild salsa
5387,pigeon pea
18,absolut citron vodka
2786,fresh corn kernel
1639,cola
2850,fresh okra
1983,crushed pineapple in juice
4244,lemon extract
7788,white sesame seed
288,baby spinach
5618,pork sirloin roast
5110,oreo cookie crumb
4249,lemon jell-o gelatin
3439,green pea
202,artichoke
5563,pork and bean
2853,fresh orange juice
3940,italian seasoning
1093,carrot
6937,sunflower seed
2212,dried basil
1266,chicken drummette
5872,ravioli
5122,orzo pastum
5519,plum tomato
3161,fuji apple
5900,real bacon bit
7820,whole chicken breast
5002,olife
5564,pork and beans in tomato sauce
4836,mozzarella
4922,nicoise olive
1310,chicken wing
4152,large shrimp
2589,fenugreek seed
1706,cooked brown rice
3612,hamburger meat
2603,fig
3137,fruit preserve
2933,frisee
3922,israeli couscou
610,blackberry
219,asian pear
940,candied fruit
7076,tamarus
4840,muesli
2234,dried cherry
3871,instant coffee crystal
6678,southern comfort
1569,coarse grain mustard
1190,cheese-filled tortellini
1449,chocolate wafer
2756,fresh asparagu
3357,grape
6061,rice
7288,tuna in vegetable oil
3665,heads of garlic
1589,cocoa powder
6126,roasted pepper
3718,home s salsa
4399,lime wedge
6124,roasted peanut
6142,roasting chicken
7094,tapioca flmy
2685,flounder fillet
2784,fresh coriander leaf
3527,ground nutmeg
7668,wax bean
4227,leek
1996,crystallized ginger
3533,ground pork
1403,chocolate curl
5723,processed swiss cheese
7389,unsifted flmy
7497,vanilla wafer cookies
2929,fried onion
241,ature marshmallow
4416,linguine
7063,tahini
184,apricot preserve
906,cajun spice
685,bottled garlic
65,all-purpose white flmy
4633,mead
6220,russet potato
2061,dark cooking chocolate
6505,single trifle sponge cake
3552,ground venison
4493,macadamia nut
3772,hot chili powder
4497,macaroni and cheese
6121,roasted garlic and sweet onion jam
6356,seafood cocktail sauce
5070,orange roughy
2780,fresh coarse ground black pepper
7803,white wine vinegar
5362,picante sauce
517,bel paese cheese
6652,sour apple schnapp
4882,mustard oil
4690,mexican crema
3849,instant apple and cinnamon oatmeal
812,brut champagne
6478,shredded hash brown
4607,mascarpone
4608,mascarpone cheese
3675,herb
5064,orange peel
5929,red chili paste
4406,limeade
3486,ground black pepper
1742,cooked penne
6038,refrigerated pizza crust
4764,miracle whip light
4907,navy bean
1055,capicola
2045,dark brown sugar
4685,mexican cheese
1920,cream of mushroom soup
6738,spice
3602,ham hock
6706,soymilk
392,batter frying mix
689,bottom round beef roast
2583,fennel
2386,dried white bean
4545,mango chutney
3048,frozen peach
6654,sour cream
3478,ground allspice
6827,stilton cheese
1881,cranberry
4090,kombu seaweed
2730,french onion soup
6074,rice noodle
7783,white rice
1574,coarse sea salt
7648,walnut oil
1351,chinese noodle
3293,gnocchi
6903,sucanat
3561,guacamole
3091,frozen strawberry
4345,light molass
1505,cilantro
2451,dry sherry
5966,red onion
7007,sweet tea vodka
5666,poultry dripping
327,baking chocolate square
2816,fresh ground black pepper
1760,cooked sweet potato
4570,maraschino cherry
1391,chocolate chip cookie mix
6475,shoyu
5276,peanut oil
1201,cherry
1679,condensed golden mushroom soup
6502,simple syrup
5747,puffed rice cereal
7483,vanilla protein powder
5884,raw honey
7682,wheat bread flmy
829,bulgur
7188,toasted breadcrumb
7054,table salt
3550,ground turmeric
5345,perch fillet
3587,half and half milk
788,brown onion
1110,catfish nugget
1814,corn kernel
2317,dried onion
1132,celery salt
430,beef bouillon
1954,creole seasoning
1361,chip
5039,orange bell pepper
6779,sponge cake
3485,ground beef round
1566,club cracker
12,15 bean soup mix
1797,coriander powder
4758,minute brown rice
4738,minced clam
3746,honey-wheat bread
422,beef
1909,cream
7758,white grape juice
2629,fine sugar
96,aluminum foil
1027,canned tomato
4231,lemon
5767,pure vanilla extract
4397,lime sorbet
2085,date
495,beef tenderloin
16,a.1. sauce
911,cake flmy
3535,ground red chili pepper
4914,neufchatel cheese
2534,english cucumber
1125,celery & leaf
1672,condensed cream of chicken soup
5760,pumpkin puree
3170,gala apple
3529,ground oregano
3536,ground red pepper
5184,parmigiano-reggiano cheese
909,cake crumb
2374,dried tarragon
5846,raspberry fruit
6860,strawberry jam
1852,courgette
761,broccoli floret
2561,everclear alcohol
195,arborio rice
6354,sea scallop
2242,dried chipotle powder
4096,kosher salt
6355,seafood
5709,preserved gingerroot
5054,orange gelatin
90,almonding
7295,turkey
3819,huckleberry
3607,ham steak
1825,cornbread
1736,cooked noodle
1490,chunk tuna
6713,spaghetti squash
1521,cinnamon oil
7111,tartaric
4082,kiwi fruit
1416,chocolate ice cream
2421,dry lentil
4509,madeira wine
2855,fresh parmesan cheese
6209,ruby red grapefruit juice
3347,granny smith apple
5721,processed cheese
5825,raisin
6054,rib eye
7458,vanilla chip
2076,dark sesame oil
7650,warm water
7425,unsweetened lemonade mix
3476,grillers recipe crumble
7800,white whole wheat flmy
4142,lard
2683,flmy
5137,oyster sauce
6940,superfine sugar
787,brown mustard seed
6685,soy coffee creamer
5422,pineapple juice
4174,lawry's seasoned salt
415,beau monde seasoning
1011,canned pinto bean
6321,sauerkraut
51,ale
5685,powdered ginger
5093,"orange, juice of"
6484,shredded wheat cereal
2304,dried marjoram
5766,pure maple syrup
3315,goldfish cracker
7748,white creme de menthe
4935,non-dairy coffee creamer
7143,textured vegetable protein
4498,macaroni and cheese mix
7452,vanilla bean
3307,golden delicious apple
1499,chutney
886,butterscotch schnapp
634,blood orange
6153,roll
2851,fresh onion
7485,vanilla pudding mix
6294,saltine cracker
7821,whole clove
5579,pork fat
6053,rib
6628,soft tofu
2818,fresh ground white pepper
281,baby pea
2434,dry onion soup mix
7056,taco cheese
2066,dark molass
7017,sweetcorn
843,butter bud
7561,vegetable soup mix
7883,whole wheat elbow macaroni
2969,frozen broccoli cut
1178,cheese ravioli
7457,vanilla caramel
3114,frozen whole strawberry
2379,dried thyme leaf
999,canned mushroom
5787,queso fresco
7811,whole almond
1795,coriander
4080,kitchen twine
1626,coffee bean
1575,coarse sugar
3244,ghee
7927,wine
1496,chunky salsa
6423,seven-grain cereal
298,bacon
221,asparagu
68,allspice
225,assorted fresh vegetable
5105,orecchiette
3380,gravy master
1196,cheesecloth
6944,sushi rice
6701,soya sauce
6268,salsa verde
1743,cooked pork
1584,cocoa
3080,frozen shrimp
5062,orange marmalade
7116,tea
6373,seasoning mix
4377,lillet blanc
2213,dried basil leaf
3255,ginger juice
2371,dried sweetened cranberry
1313,chickpea
695,bourbon
7900,whole wheat pastum
7337,turmeric
7409,unsweetened coconut milk
3361,grape jelly
569,black cumin
3248,ginger
1956,crepe
1871,cracked pepper
7053,table cream
4927,no yolks egg noodle substitute
892,button mushroom
2308,dried mint
7394,unsweetened apple juice
6522,skirt steak
5427,pineapple sherbet
6365,seasoned dry bread crumb
7470,vanilla extract
3019,frozen green bean
3121,fruit cocktail
2699,four cheese blend
63,all-purpose flmy
4024,kale
7550,vegetable broth
453,beef gravy
7627,vodka
4692,mexican oregano
6538,small elbow macaroni
4787,mixed mushroom
839,butt
6280,salt water
869,buttermilk
5314,penne pastum
1529,cinnamon sugar
2241,dried chipotle pepper
1030,canned unsweetened coconut milk
6546,small red potato
5518,plum sauce
2282,dried italian herb seasoning
1807,corn chip
1428,chocolate morsel
330,baking mix
4838,msg
359,banana schnapp
1260,chicken carcass
4496,macaroni & cheese dinner mix
4402,"lime, juice and zest of"
4763,miracle whip
4495,macaroni
1527,cinnamon stick
6332,sazon
1998,cubanelle pepper
5887,raw potato
3942,italian stewed tomato
7342,tzatziki
3425,green food coloring
4855,multigrain bread
1304,chicken tender
5365,pickle
4814,monterey jack cheese
2378,dried thyme
7951,xanthan gum
6642,sorghum flmy
4923,nigella seed
3430,green grape
5372,pico de gallo
4717,milk
5985,red potato
7229,tomato paste
7049,tabasco sauce
2789,fresh cracked pepper
6186,rotel
2831,fresh lemon
3046,frozen pea
6212,rum
3386,greek olife
5304,pecan piece
6391,self-raising flmy
7566,vegetable suet
5890,raw shrimp
3838,imitation bacon bit
6468,shortbread pie crust
3822,hungarian paprika
5483,pizza dough
6880,strawberry vodka
2502,egg bread
2325,dried parsley flake
6537,small curd cottage cheese
5452,pink peppercorn
3512,ground ginger
5502,plain yogurt
7933,winter squash
701,bow tie pastum
553,black bean
5543,pomegranate syrup
2587,fennel seed
2226,dried breadcrumb
1524,cinnamon roll
1943,creme de cassi
1803,corn
5061,orange liqueur
2224,dried blueberry
3155,frying chicken
5029,onion seed
4359,light sour cream
7469,vanilla essence
3979,jell-o chocolate pudding and pie filling
734,breadstick
4512,maggi 2-minute noodle
7680,wheat bran
5205,pasta sauce
289,baby spinach leaf
4282,lemon wedge
6190,rotel tomatoes & chily
6155,rolled barley
2819,fresh herb
856,butter spread
284,baby red potato
6748,spicy mustard
7091,tap water
399,bean dip
855,butter shortening
3627,hard-cooked egg
1792,cool whip topping
6720,spanish onion
4693,mexican rice
1267,chicken drumstick
7031,swiss chard
339,balsamic vinegar
5234,peach gelatin mix
4187,lean chuck
6597,smooth cashew butter
7358,unbleached flmy
4056,key lime juice
5610,pork shoulder
771,broiler-fryer chicken
2733,french roll
3601,ham fat
531,bicarbonate of soda
5679,powdered cumin
3514,ground hazelnut
4382,lime gelatin
5006,olive oil
6051,rhodes frozen roll
1284,chicken meat
7117,tea bag
3785,hot fudge
5975,red pepper flake
269,baby carrot
587,black mustard seed
4020,kaiser roll
2414,dry fettuccine
3355,granulated sugar
5797,quinoa
1213,cherry jam
2620,fine dry breadcrumb
6306,sandwich bun
2394,dried yellow pea
6735,spelt
4619,matzo meal
7228,tomato ketchup
6264,salmon steak
301,bacon dripping
692,bouillon
2530,enchilada sauce
5072,orange section
773,broth
5144,pan dripping
2826,fresh jalapeno pepper
2215,dried bean
2426,dry milk powder
6806,steak spice
7492,vanilla syrup
4324,light cheese whiz
756,broccoli
2105,dehydrated onion
6687,soy flmy
3068,frozen potato wedge
1504,cider vinegar
1722,cooked ground beef
1111,catsup
7384,unsalted sunflower seed
3460,green tea leaf
6424,seville orange
516,beetroot
5248,peach slices in heavy syrup
7479,vanilla instant pudding mix
1563,clove
7726,white chocolate
2833,fresh lemon rind
3815,hot water
37,agave
3148,fruit vinegar
2013,curacao
382,basil
1773,cookie
1831,cornmeal
3967,jamaican jerk spice
6487,shrimp
6261,salmon fillet
4795,mixed spice
6686,soy crumble
3551,ground veal
6673,sourdough hamburger bun
1325,chili paste
1028,canned tomato sauce
625,blackstrap molass
7061,taco shell
3321,gorgonzola
5341,pepperoni slice
3843,imitation vanilla
2062,dark corn syrup
5140,pak chous
6072,rice krispy
5591,pork loin chop
2460,dry white vermouth
7099,tarragon
7558,vegetable seasoning
4192,lean ground chuck
6437,shell steak
1,'s chocolate chip
7159,thickened cream
3590,half-and-half cream
4586,marjoram leaf
4909,nectarine
5743,puff pastry shell
2108,deli ham
6256,salad seasoning
6009,red wine vinegar
6936,sunflower oil
7790,white sugar
3522,ground meat substitute
2265,dried fish flake
162,apple pie filling
6598,smooth peanut butter
4580,marinara sauce
6450,shirataki noodle
7542,vegan sugar
3269,gingerroot
4074,kirsch
7108,tart red cherry
5932,red chili powder
6753,spike seasoning
1080,carbonated lemon-lime beverage
6544,small potato
3247,gin
653,blueberry pie filling
8,10 bean soup mix
1689,confectioners' sugar
7706,whiskey
4207,lean pork chop
5840,raspberry
2906,fresh tarragon
2810,fresh gingerroot
1322,chili flake
2666,flaked sea salt
3264,ginger-garlic paste
6324,sausage
2679,flax seed meal
2026,cut green bean
2024,custard
7176,tiger shrimp
1330,chili sauce
183,apricot nectar
1283,chicken legs-thigh
954,candy bar
2882,fresh sage
7596,velveeta cheese slice
7774,white pepper
3820,hummu
3560,gruyere cheese
5590,pork loin
1677,condensed french onion soup
1429,chocolate mousse mix
4579,marinade
4623,mayonnaise
3250,ginger beer
6968,sweet cream
6581,smoked paprika
2465,dry-roasted cashew
2779,fresh cilantro stem
2913,fresh tomato
1582,coco lopez
1933,creamed corn
7489,vanilla soymilk
2803,fresh flat-leaf parsley
2954,frozen baby pea
3548,ground turkey
1540,citrus slice
1994,crusty italian bread
6593,smoked turkey
7024,sweetened flaked coconut
6305,sandwich bread
4206,lean pork
2837,fresh lime juice
7649,walnut piece
2832,fresh lemon juice
4329,light coconut milk
4235,lemon basil
3484,ground beef
6007,red wine
4022,kalamata olife
2757,fresh basil
5127,oven cooking bag
5947,red food coloring
5811,radicchio
4262,lemon pepper
3571,gumbo file
5592,pork loin roast
7747,white creme de cacao
1914,cream of celery soup
2689,focaccia bread
4695,mexican tomato
1810,corn flake
4289,"lemon, zest of"
6250,salad green
6998,sweet red wine
2126,diced green chili
3309,golden mushroom soup
6403,serrano chili
718,bread cube
466,beef rib
7168,thyme
2693,fontina
2798,fresh edible flower
3625,hard-boiled egg
7577,vegetarian chicken piece
7193,toasted sesame oil
3440,green pepper
2096,decorative candy
6443,sherry wine
769,broiler
2487,ear of corn
1082,cardamom
2200,dressing
7943,wooden popsicle stick
7408,unsweetened coconut
1796,coriander leaf
3526,ground nut
6366,seasoned flmy
6730,sparkling water
7658,water-packed artichoke heart
4294,lemonade
1874,cracker crumb
1289,chicken piece
4947,noodle
5261,peanut butter
6362,season-all salt
7863,whole tomato
4661,medium shrimp
6858,strawberry ice cream
3794,hot pepper flake
2919,fresh water
2759,fresh bay leaf
3540,ground sage
4581,marinated artichoke
3177,garam masala
3353,granulated garlic
5114,orgeat syrup
5056,orange jell-o
6335,scallion
1594,coconut butter
1218,cherry pie filling
3462,green tomatillo sauce
7714,white bread
2766,fresh broccoli floret
252,au jus mix
4975,oatmeal
4766,mirin
4284,lemon zest
7134,teriyaki marinade
3589,half-and-half
6185,rosemary sprig
5024,onion powder
2843,fresh mango
5428,pineapple slice
7154,thai rice noodle
278,baby lima bean
4018,kahlua
6120,roasted garlic and red pepper spice mix
319,baker's baking chocolate
3872,instant coffee granule
7978,yellow mustard seed
3108,frozen whipped topping
6846,strawberry
4436,liquid smoke
5246,peach schnapp
6794,sriracha sauce
4320,light brown sugar
1632,coffee liqueur
4862,muscovado sugar
1078,caraway seed
4062,kidney bean
821,budweiser beer
7917,wide egg noodle
5173,parchment paper
1959,crescent roll dough
6957,sweet basil
331,baking potato
7773,white pearl onion
1329,chili powder
1620,coconuting
3192,garlic and herb seasoning
3498,ground clove
4839,muenster cheese
5309,pecorino romano cheese
893,cabbage
6472,shortcut bacon
5357,phyllo dough
7074,tamarind pulp
3537,ground roasted cumin seed
3069,frozen pound cake
6298,sambal oelek
6363,seasoned bread crumb
3575,gummy worm
1783,cooking oil
1151,challah
3502,ground cumin
1419,chocolate instant pudding and pie filling mix
338,balsamic vinaigrette
7728,white chocolate baking square
5227,pea shoot
1809,corn cob
3402,green cabbage
3723,honey
5393,pimento
3179,garbanzo bean
4383,lime jell-o gelatin
6165,romano cheese
7704,whipped topping
4446,littleneck clam
2457,dry vermouth
7612,vermicelli
260,baby arugula
4499,macaroni noodle
5366,pickling cucumber
4417,linseed
1908,cre mushroom
2336,dried pinto bean
5632,port wine
1253,chicken breast fillet
4780,mixed fruit
3947,jack daniels whiskey
7304,turkey chili
4347,light muscovado sugar
3368,grapefruit juice
342,banana
785,brown lentil
2559,evaporated milk
841,butter bean
6917,sugar syrup
7847,whole grain wheat flmy
4954,norus
7083,tangerine
5962,red licorice
5732,prune
784,brown gravy mix
6019,refrigerated biscuit
6353,sea salt & fresh black pepper
5818,ragu parmesan and romano spaghetti sauce
1291,chicken quarter
6372,seasoning
4513,maggi seasoning
638,blue cheese
3012,frozen fish stick
6711,spaghetti sauce
4698,mexicorn
208,artificial sweetener
3836,idaho potato
6966,sweet corn
1879,craisin
4032,karo light corn syrup
6626,soft silken tofu
1607,coconut milk
4670,melon liqueur
912,cake mix
7813,whole berry cranberry sauce
5615,pork side rib
6548,small shell pastum
7204,tofu shirataki noodle
566,black cherry jell-o
6003,red sweet pepper
728,breadcrumb
326,baking chocolate
7683,wheat chex
6566,smoked chicken
7517,veal roast
6557,smart balance omega plu
1296,chicken soup powder
2678,flax seed
4963,nutmeat
6265,salsa
7234,tomato sauce & mushroom
7962,yellow bell pepper
2661,five-spice powder
2965,frozen broccoli
2420,dry lasagna noodle
762,broccoli rabe
6200,round sourdough loaf
4483,lump crabmeat
4785,mixed herb
5095,"orange, zest of"
2911,fresh thyme leave
365,barbecue baked bean
5565,pork baby back rib
2985,frozen coconut
3106,frozen vegetable
160,apple juice concentrate
4160,laughing cow light swiss cheese
5477,pitted olife
2740,french vanilla instant pudding
3903,instant pudding mix
1436,chocolate pudding mix
3808,hot salsa
673,boiling water
84,almond milk
7178,tilapia fillet
6103,roast
2033,dairy-free margarine
4108,lager beer
7642,walnut
6017,refried black bean
180,apricot jam
7294,turbinado sugar
3885,instant lemon pudding mix
1579,coca-cola
6027,refrigerated chocolate chip cookie dough
6818,stew meat
5491,plain breadcrumb
5991,red raspberry preserve
38,agave nectar
6097,ritz cracker
2817,fresh ground pepper
6374,seasoning salt
3466,grenadine
7688,wheat germ
6928,sun-dried tomato packed in oil
5931,red chili pepper flake
121,ancho chili
2654,fish sauce
1974,crouton
3984,jello
3899,instant pistachio pudding mix
5528,polentum
7084,tangerine juice
875,butternut squash
6541,small marshmallow
7170,thyme leaf
2644,firm tomato
4694,mexican seasoning
5826,raisin bran cereal
4967,o'brien frozen potato
3579,habanero pepper cheese
2841,fresh lotus root
6237,safflower oil
1406,chocolate frosting
6926,sun-dried tomato
7387,unseasoned breadcrumb
6837,stone ground mustard
3288,gluten flmy
7937,wondra flmy
1539,citrus peel
7367,unsalted butter
2159,dill weed
1062,caramel
6740,spice essence
3609,hamburger
2161,dinner roll
6754,spinach
6801,starch
5687,powdered milk
7887,whole wheat flmy
2605,fig preserve
393,bay leaf
1368,chipotle pepper
4182,lean beef
6663,sour mix
2128,diced onion
3592,halibut fillet
7312,turkey gizzard
5909,red apple
2808,fresh garlic clove
3869,instant coffee
2351,dried rosemary leaf
6029,refrigerated crescent dinner roll
20,absolut mandarin vodka
6861,strawberry jell-o gelatin dessert
5866,raspberry vodka
7545,vegetable
5731,provolone cheese
688,bottled water
2535,english muffin
1833,cornstarch
6274,salt and black pepper
6819,stewed tomato
7391,unsulphured molass
6987,sweet potato
5915,red bell pepper
7020,sweetened coconut
6900,submarine bun
4759,minute rice
5448,pink food coloring
4964,nutmeg
5704,prawn
826,bulb of garlic
1786,cooking spray
2718,french bread
303,bacon grease
7987,yellow squash
1170,cheese
6204,roux
2909,fresh thyme
5138,pace picante sauce
6169,root beer concentrate
6563,smoked bacon
6128,roasted potato
753,broad bean
4797,mixed vegetable
4449,liver
2503,egg noodle
3322,gouda cheese
7298,turkey breast
6915,sugar pumpkin
2680,flax seed oil
7371,unsalted dry roasted peanut
1397,chocolate cookies
482,beef steak
1573,coarse salt
4902,natural cane sugar
2523,elephant garlic
3117,fruit
2991,frozen corn
311,baked bean
2984,frozen chopped spinach
5324,peppercorn
7946,worcestershire sauce
1564,clove oil
1511,cinnamon
3243,german sweet chocolate
1699,cooked bacon
7982,yellow pepper
7493,vanilla tea bag
1121,cayenne powder
1982,crushed pineapple
4793,mixed salad green
7173,tia marium
4253,lemon juice
4303,"lemons, rind of"
5851,raspberry jell-o gelatin
3814,hot taco sauce
4604,masa harina flmy
5833,ranch dip
1264,chicken consomme
2785,fresh corn
1186,cheese tortellini
2204,dried apple
3543,ground sirloin
5695,powdered sugar
7498,vanilla wafer crumb
7745,white crab meat
4743,mincemeat
3924,italian breadcrumb
1372,chive
5327,peppermint candy
2021,curry paste
4571,maraschino cherry juice
6073,rice milk
1637,cointreau liqueur
5219,pastum
1517,cinnamon extract
4106,ladyfinger
341,bamboo skewer
3082,frozen sliced peach
7972,yellow food coloring
95,alum
2592,fettuccine
7500,vanilla whey protein powder
5399,pimento stuffed olive
4650,meatloaf mixture
7899,whole wheat pastry flmy
5313,penne
1248,chicken bouillon cube
882,butterscotch chip
1107,caster sugar
5351,pesto sauce
282,baby portabella mushroom
4395,lime slouse
992,canned green bean
1649,collard green
2393,dried wood ear mushroom
43,aioli
3180,garbanzo flmy
1075,caramel syrup
5398,pimento stuffed olife
2485,dutch-processed cocoa powder
5363,pickapeppa sauce
3553,ground walnut
3043,frozen orange juice
2668,flank steak
3951,jalapeno
1567,club soda
6389,self raising flmy
1485,chuck roast
5757,pumpkin pie filling
4409,"limes, juice of"
6223,rye bread
4510,madras curry powder
3412,green chili
3877,instant devil's food pudding
6607,snow pea sprout
3659,head of cabbage
4299,lemoning
3508,ground fennel
3523,ground mixed spice
3219,garlic salt
7132,tequila
2707,frangelico
159,apple juice
6980,sweet onion
3638,havarti cheese
4033,karo syrup
5441,pineapple-orange juice
6390,self rising flmy
2749,french-fried onion
2722,french fried onion ring
1503,cider
3834,icing sugar
7431,unsweetened pineapple chunk
5562,pork & bean
6028,refrigerated cooked beef roast
6602,snap pea
4318,light beer
1523,cinnamon raisin bread
1746,cooked rice
7491,vanilla sugar
2129,diced pimento
5395,pimento pepper
7953,yakisoba noodle
7060,taco seasoning
3524,ground moose
6129,roasted red pepper
5812,radish
6177,rose petal
7103,tart apple
1035,canned whole kernel corn
1988,crushed tomatoes in puree
6105,roast beef in gravy
1298,chicken stock cube
1409,chocolate fudge instant pudding mix
2591,feta cheese
4808,mole
7751,white distilled vinegar
3384,great northern bean
6447,shiitake mushroom
1120,cayenne pepper sauce
479,beef sirloin steak
4725,milk chocolate kiss
5150,pancettum
1194,cheesecake instant pudding and pie filling
6156,rolled oat
1327,chili pepper flake
7716,white bread flmy
1645,cold water
1385,chocolate candy
3766,hot chicken stock
955,candy cane
3388,greek oregano
7979,yellow onion
6942,sure-jell
5402,pimiento
2972,frozen broccoli spear
676,bolognese sauce
2898,fresh spinach
760,broccoli coleslaw mix
119,anaheim chily
2807,fresh garlic
389,basmati rice
5782,quark
7593,veggie shreds cheese
4891,nacho chip
2711,frankfurter
4772,mixed berry
1098,cashew
7677,wheat
5724,prosciutto
802,brown sugar cinnamon syrup
54,alfalfa sprout
2110,deli roast beef
3910,instant vanilla pudding
562,black cardamom pod
6189,rotel tomato
2746,french vanilla yogurt
4199,lean ham
3115,frozen yogurt
3923,italian bread
1599,coconut extract
6118,roasted garlic alfredo sauce
4998,old fashioned oat
7970,yellow cornmeal
3516,ground lamb
1112,cauliflower
1609,coconut oil
6500,silken tofu
1334,chili-garlic sauce
6002,red sweet bell pepper
204,artichoke heart
7449,vanilla
1179,cheese sauce
5241,peach nectar
3547,ground thyme
1057,cappelletti pastum
3489,ground cardamom
3305,golden caster sugar
5068,orange rind
3157,fudge brownie mix
6589,smoked swiss cheese
2413,dry enchilada mix
3510,ground flax seed
3050,frozen peas and carrot
5513,plum jam
6717,spam lite
6622,soft fresh goat cheese
1787,cooking wine
2846,fresh mint leaf
2823,fresh jalapeno
1257,chicken broth
3411,green cherry
5407,pine nut
1960,crisco
1893,cranberry sauce
780,brown breadcrumb
6884,streaky bacon
6570,smoked gouda cheese
4969,oat
3302,gold tequila
1311,chicken wing sauce
6371,seasoned stuffing mix
7407,unsweetened cocoa powder
6797,star anise
1246,chicken bouillon
3802,hot red chili pepper
3110,frozen white corn
1316,chile
73,almond butter
5307,pecorino cheese
2856,fresh parsley
1848,country gravy mix
3759,horseradish cream
5848,raspberry gelatin
5216,pastry for double-crust pie
828,bulgar wheat
5301,pecan half
699,boursin cheese
2172,ditalini
4379,lime
1380,chocolate bar
840,butter
3904,instant rice
4588,marmalade
7271,triple sec
1076,caramel topping
7402,unsweetened chocolate
2551,escarole
5918,red bliss potato
2982,frozen chopped broccoli
14,7-up
3287,gluten
3037,frozen mixed vegetable
7814,whole black peppercorn
3057,frozen pineapple concentrate
6173,roquefort cheese
7955,yam
1085,cardamom seed
3780,hot dog
5007,olive salad
6198,round rice paper sheet
5185,parsley
5759,pumpkin pie spice
849,butter extract
213,asafoetida powder
3850,instant apple cider drink mix
2350,dried rosemary
3800,hot pepper sauce
1872,cracked wheat
7250,top round roast
2778,fresh cilantro leaf
3648,hazelnut coffee
2131,diced tomato
1168,cheddar
6786,sprite
287,baby shrimp
5240,peach liqueur
4632,mcintosh apple
4544,mango
3232,gelatin
4470,long grain rice
4551,mango powder
2781,fresh coconut
1317,chili
1700,cooked barley
5876,raw carrot
6749,spicy refried bean
7398,unsweetened baking cocoa
1422,chocolate kis
5921,red cabbage
2758,fresh basil leaf
7997,yoghurt
7406,unsweetened cocoa
3045,frozen passion fruit juice concentrate
3236,genoa salami
6290,salted peanut
7227,tomato juice
5369,pickling salt
3736,honey roasted peanut
356,banana pepper
3271,gingersnap cookie
3087,frozen spinach
5340,pepperoni
4196,lean ground sirloin
1817,corn muffin mix
1408,chocolate fudge frosting
7816,whole canned tomato
5190,parsnip
7703,whipped dessert topping mix
6276,salt and pepper
534,biscuit
308,baguette
4323,light cheese
7998,yogurt
2560,evaporated skim milk
1336,chily
3630,hardboiled egg
3013,frozen french fry
7555,vegetable juice cocktail
6444,sherry wine vinegar
2643,firm tofu
1182,cheese slouse
3203,garlic clove
1924,cream of spinach soup mix
7589,vegetarian worcestershire sauce
2834,fresh lemon zest
3326,graham cracker crust
3769,hot chili oil
3698,hickory barbecue sauce
5935,red chily
3434,green mango
5902,real maple syrup
3366,grape-nuts cereal
4746,mint
1559,clotted cream
5186,parsley flake
519,bell pepper
426,beef base
4832,mostaccioli pastum
3708,hoagie roll
2552,espresso
2320,dried oregano
5741,puff pastry
328,baking cocoa
7549,vegetable bouillon granule
3750,honeydew melon
2716,french baguette
3217,garlic powder
4281,lemon vodka
386,basil pesto
255,avocado
5561,pork
632,blended oatmeal
2962,frozen blueberry
3324,graham cracker crumb
3342,gram flmy
1826,corned beef
800,brown sugar
7655,water
790,brown rice
2256,dried dill
2739,french vanilla ice cream
1219,cherry powdered drink mix
6616,soft breadcrumb
61,all-bran cereal
1282,chicken leg quarter
5264,peanut butter chip
5449,pink grapefruit
5046,orange curacao
7010,sweet white onion
4863,mushroom
2430,dry mustard
7623,vital wheat gluten
7284,tuna
2016,currant
2148,dijon mustard
4858,mung bean sprout
7396,unsweetened applesauce
6329,savory
2539,english seedless cucumber
3468,grey poupon dijon mustard
5108,oregano leaf
7015,sweet-and-sour mix
7093,tapioca
3549,ground turkey breast
3249,ginger ale
2742,french vanilla non-dairy coffee creamer
3614,hamburger relish
2205,dried apple ring
7940,wonton wrapper
5475,pitted black olife
1757,cooked spaghettus
1703,cooked beet
1580,cocktail frank
6530,sliced peaches in juice
5191,part-skim ricotta cheese
5683,powdered french vanilla non-dairy coffee creamer
4850,multi-grain hot cereal
1501,ciabattum
708,bran bud
1479,chopped pimiento
2491,earth balance margarine
5073,orange sherbet
536,biscuit mix
2651,fish fillet
1118,cayenne
1986,crushed red pepper flake
721,bread flmy
1388,chocolate chip
2157,dill seed
3916,irish cream
6006,red tomato
2761,fresh black pepper
1964,crisp rice cereal
6529,sliced olife
4722,milk chocolate chip
6081,rice vermicelli
5750,pumpernickel bread
3927,italian cheese blend
4783,mixed green
3640,hawaiian bread
4866,mushroom broth
4277,lemon twist
5214,pastry for double crust pie
4287,"lemon, juice of"
1670,condensed cream of celery soup
3593,halibut steak
130,angel flake coconut
4741,minced ginger
155,apple cider vinegar
6555,small-curd cottage cheese
6938,sunflower seed butter
4016,kaffir lime leaf
5925,red cayenne pepper
2879,fresh rosemary
7983,yellow potato
3778,hot coffee
1460,chocolate-covered coffee bean
1252,chicken breast
3671,heirloom tomato
1221,cherry soda
3216,garlic pepper seasoning
3755,hormel dried beef
1707,cooked chicken
2318,dried onion flake
70,almond
6194,rotisserie-cooked chicken
21,absolut vodka
1621,cod
2702,four-cheese mexican blend cheese
715,bread
1244,chicken base
2944,frosting
7851,whole meal bread
5125,ouzo
48,albacore tuna
3608,ham stock
1888,cranberry juice
6995,sweet red pepper
3884,instant lemon pudding
8011,yucca root
7289,tuna in water
2344,dried red chily
3026,frozen lemonade
7734,white chocolate liqueur
